exec_name,block_size,variant,throughput,time_ms,exp,n
cu8_reduction_add_64_1,64,1,104031211.055773,0.024608,8,256
cu8_reduction_add_64_1,64,1,192771083.292603,0.02656,9,512
cu8_reduction_add_64_1,64,1,389294403.04521,0.026304,10,1024
cu8_reduction_add_64_1,64,1,842105260.245254,0.02432,11,2048
cu8_reduction_add_64_1,64,1,1566707459.177325,0.026144,12,4096
cu8_reduction_add_64_1,64,1,3196005014.981706,0.025632,13,8192
cu8_reduction_add_64_1,64,1,5577342060.630301,0.029376,14,16384
cu8_reduction_add_64_1,64,1,10940170893.379618,0.029952,15,32768
cu8_reduction_add_64_1,64,1,15159141469.883797,0.043232,16,65536
cu8_reduction_add_64_1,64,1,24395473377.67042,0.053728,17,131072
cu8_reduction_add_64_1,64,1,35068493075.382195,0.074752,18,262144
cu8_reduction_add_64_1,64,1,45867860936.85621,0.114304,19,524288
cu8_reduction_add_64_1,64,1,53411573167.05493,0.19632,20,1048576
cu8_reduction_add_64_1,64,1,58855860320.81972,0.35632,21,2097152
cu8_reduction_add_64_1,64,1,61657730055.974754,0.680256,22,4194304
cu8_reduction_add_64_1,64,1,62004824296.389145,1.352896,23,8388608
cu8_reduction_add_64_1,64,1,58341735437.40749,2.87568,24,16777216
cu8_reduction_add_64_1,64,1,58769763029.199814,5.709472,25,33554432
cu8_reduction_add_64_1,64,1,59061227138.001076,11.362592,26,67108864
cu8_reduction_add_64_1,64,1,59127252215.600784,22.699808,27,134217728
cu8_reduction_add_64_1,64,1,59330745491.148796,45.243904,28,268435456
cu8_reduction_add_128_1,128,1,95124850.437415,0.026912,8,256
cu8_reduction_add_128_1,128,1,185399768.010096,0.027616,9,512
cu8_reduction_add_128_1,128,1,358744391.683882,0.028544,10,1024
cu8_reduction_add_128_1,128,1,773881506.349349,0.026464,11,2048
cu8_reduction_add_128_1,128,1,1420643718.615448,0.028832,12,4096
cu8_reduction_add_128_1,128,1,2785636511.653422,0.029408,13,8192
cu8_reduction_add_128_1,128,1,5844748821.62412,0.028032,14,16384
cu8_reduction_add_128_1,128,1,9326047229.812569,0.035136,15,32768
cu8_reduction_add_128_1,128,1,16691116535.523668,0.039264,16,65536
cu8_reduction_add_128_1,128,1,23206798568.191814,0.05648,17,131072
cu8_reduction_add_128_1,128,1,36834532436.97234,0.071168,18,262144
cu8_reduction_add_128_1,128,1,46492622023.822556,0.112768,19,524288
cu8_reduction_add_128_1,128,1,55007554529.87049,0.190624,20,1048576
cu8_reduction_add_128_1,128,1,58760871210.52363,0.356896,21,2097152
cu8_reduction_add_128_1,128,1,61585302797.418335,0.681056,22,4194304
cu8_reduction_add_128_1,128,1,62688379422.16465,1.338144,23,8388608
cu8_reduction_add_128_1,128,1,61484191639.35632,2.728704,24,16777216
cu8_reduction_add_128_1,128,1,61966350295.51683,5.414944,25,33554432
cu8_reduction_add_128_1,128,1,62428988023.44895,10.749632,26,67108864
cu8_reduction_add_128_1,128,1,62414773218.41253,21.50416,27,134217728
cu8_reduction_add_128_1,128,1,62477576371.62258,42.965088,28,268435456
cu8_reduction_add_256_1,256,1,86580085.903861,0.029568,8,256
cu8_reduction_add_256_1,256,1,179775278.82671,0.02848,9,512
cu8_reduction_add_256_1,256,1,408684544.977177,0.025056,10,1024
cu8_reduction_add_256_1,256,1,706401765.128683,0.028992,11,2048
cu8_reduction_add_256_1,256,1,1568627437.457237,0.026112,12,4096
cu8_reduction_add_256_1,256,1,2990654159.139776,0.027392,13,8192
cu8_reduction_add_256_1,256,1,5350052184.479964,0.030624,14,16384
cu8_reduction_add_256_1,256,1,8692699500.864243,0.037696,15,32768
cu8_reduction_add_256_1,256,1,15609756093.688314,0.041984,16,65536
cu8_reduction_add_256_1,256,1,22382513559.19671,0.05856,17,131072
cu8_reduction_add_256_1,256,1,34218881014.313,0.076608,18,262144
cu8_reduction_add_256_1,256,1,43013913901.740685,0.121888,19,524288
cu8_reduction_add_256_1,256,1,50716607243.949425,0.206752,20,1048576
cu8_reduction_add_256_1,256,1,56501422157.956856,0.371168,21,2097152
cu8_reduction_add_256_1,256,1,58394368056.58537,0.718272,22,4194304
cu8_reduction_add_256_1,256,1,59958372134.94116,1.399072,23,8388608
cu8_reduction_add_256_1,256,1,58017638829.31227,2.891744,24,16777216
cu8_reduction_add_256_1,256,1,58431138430.20413,5.74256,25,33554432
cu8_reduction_add_256_1,256,1,58633220147.06061,11.445536,26,67108864
cu8_reduction_add_256_1,256,1,58728702802.382454,22.853855,27,134217728
cu8_reduction_add_256_1,256,1,58774499887.51586,45.672095,28,268435456
cu8_reduction_add_512_1,512,1,87815587.69667,0.029152,8,256
cu8_reduction_add_512_1,512,1,170757736.005749,0.029984,9,512
cu8_reduction_add_512_1,512,1,337552747.5163,0.030336,10,1024
cu8_reduction_add_512_1,512,1,657084192.257993,0.031168,11,2048
cu8_reduction_add_512_1,512,1,1272365797.741051,0.032192,12,4096
cu8_reduction_add_512_1,512,1,2359447028.61268,0.03472,13,8192
cu8_reduction_add_512_1,512,1,5262076121.448222,0.031136,14,16384
cu8_reduction_add_512_1,512,1,8400328101.83595,0.039008,15,32768
cu8_reduction_add_512_1,512,1,14493984225.490131,0.045216,16,65536
cu8_reduction_add_512_1,512,1,20728744943.902145,0.063232,17,131072
cu8_reduction_add_512_1,512,1,31556240300.22148,0.083072,18,262144
cu8_reduction_add_512_1,512,1,43081777218.79758,0.121696,19,524288
cu8_reduction_add_512_1,512,1,46631563487.02238,0.224864,20,1048576
cu8_reduction_add_512_1,512,1,50810978156.25191,0.412736,21,2097152
cu8_reduction_add_512_1,512,1,53381118652.644714,0.785728,22,4194304
cu8_reduction_add_512_1,512,1,54250533080.200005,1.546272,23,8388608
cu8_reduction_add_512_1,512,1,52071588077.131744,3.221952,24,16777216
cu8_reduction_add_512_1,512,1,52481807346.74251,6.393536,25,33554432
cu8_reduction_add_512_1,512,1,52594868502.570015,12.759584,26,67108864
cu8_reduction_add_512_1,512,1,52696498483.89667,25.469952,27,134217728
cu8_reduction_add_512_1,512,1,52758474506.62992,50.880064,28,268435456
cu8_reduction_add_1024_1,1024,1,63341250.345709,0.040416,8,256
cu8_reduction_add_1024_1,1024,1,135135133.400226,0.037888,9,512
cu8_reduction_add_1024_1,1024,1,280210153.80667,0.036544,10,1024
cu8_reduction_add_1024_1,1024,1,505529231.996745,0.040512,11,2048
cu8_reduction_add_1024_1,1024,1,1068447414.037567,0.038336,12,4096
cu8_reduction_add_1024_1,1024,1,2004698495.961117,0.040864,13,8192
cu8_reduction_add_1024_1,1024,1,4109149302.310347,0.039872,14,16384
cu8_reduction_add_1024_1,1024,1,8211708098.460452,0.039904,15,32768
cu8_reduction_add_1024_1,1024,1,14392129509.647081,0.045536,16,65536
cu8_reduction_add_1024_1,1024,1,19212007688.425037,0.068224,17,131072
cu8_reduction_add_1024_1,1024,1,24839296792.734554,0.105536,18,262144
cu8_reduction_add_1024_1,1024,1,28568439050.57186,0.18352,19,524288
cu8_reduction_add_1024_1,1024,1,31711990759.088062,0.330656,20,1048576
cu8_reduction_add_1024_1,1024,1,32965794322.478237,0.63616,21,2097152
cu8_reduction_add_1024_1,1024,1,34337210232.382877,1.221504,22,4194304
cu8_reduction_add_1024_1,1024,1,34461797367.92725,2.434176,23,8388608
cu8_reduction_add_1024_1,1024,1,29029057608.02711,5.779456,24,16777216
cu8_reduction_add_1024_1,1024,1,29153348845.19026,11.509632,25,33554432
cu8_reduction_add_1024_1,1024,1,29216546595.774693,22.969472,26,67108864
cu8_reduction_add_1024_1,1024,1,29245453593.79208,45.893536,27,134217728
cu8_reduction_add_1024_1,1024,1,29258214694.47982,91.747039,28,268435456
cu8_reduction_add_64_2,64,2,90497737.086738,0.028288,8,256
cu8_reduction_add_64_2,64,2,172972971.560138,0.0296,9,512
cu8_reduction_add_64_2,64,2,359147030.340646,0.028512,10,1024
cu8_reduction_add_64_2,64,2,773881496.136418,0.026464,11,2048
cu8_reduction_add_64_2,64,2,1604010037.795956,0.025536,12,4096
cu8_reduction_add_64_2,64,2,3156596787.448684,0.025952,13,8192
cu8_reduction_add_64_2,64,2,5858123537.340139,0.027968,14,16384
cu8_reduction_add_64_2,64,2,10633437110.70108,0.030816,15,32768
cu8_reduction_add_64_2,64,2,19158091317.381187,0.034208,16,65536
cu8_reduction_add_64_2,64,2,33219789451.919163,0.039456,17,131072
cu8_reduction_add_64_2,64,2,47683352546.89936,0.054976,18,262144
cu8_reduction_add_64_2,64,2,67535037730.67667,0.077632,19,524288
cu8_reduction_add_64_2,64,2,85960125694.23831,0.121984,20,1048576
cu8_reduction_add_64_2,64,2,100762606880.06886,0.208128,21,2097152
cu8_reduction_add_64_2,64,2,111903012495.4025,0.374816,22,4194304
cu8_reduction_add_64_2,64,2,115005703895.5,0.729408,23,8388608
cu8_reduction_add_64_2,64,2,101710671449.71767,1.649504,24,16777216
cu8_reduction_add_64_2,64,2,104314123310.98003,3.216672,25,33554432
cu8_reduction_add_64_2,64,2,105070892747.5381,6.387008,26,67108864
cu8_reduction_add_64_2,64,2,105450761144.25858,12.728,27,134217728
cu8_reduction_add_64_2,64,2,105443071922.52246,25.457856,28,268435456
cu8_reduction_add_128_2,128,2,92059839.332454,0.027808,8,256
cu8_reduction_add_128_2,128,2,175438595.884428,0.029184,9,512
cu8_reduction_add_128_2,128,2,365296804.385622,0.028032,10,1024
cu8_reduction_add_128_2,128,2,617760612.541235,0.033152,11,2048
cu8_reduction_add_128_2,128,2,1403508789.469877,0.029184,12,4096
cu8_reduction_add_128_2,128,2,3156596801.608527,0.025952,13,8192
cu8_reduction_add_128_2,128,2,6191051996.325826,0.026464,14,16384
cu8_reduction_add_128_2,128,2,11228070226.181202,0.029184,15,32768
cu8_reduction_add_128_2,128,2,16842105003.355019,0.038912,16,65536
cu8_reduction_add_128_2,128,2,32226592839.415462,0.040672,17,131072
cu8_reduction_add_128_2,128,2,44353005407.900826,0.059104,18,262144
cu8_reduction_add_128_2,128,2,65588470351.18501,0.079936,19,524288
cu8_reduction_add_128_2,128,2,83188626205.56644,0.126048,20,1048576
cu8_reduction_add_128_2,128,2,102160561940.53944,0.20528,21,2097152
cu8_reduction_add_128_2,128,2,112459886965.63074,0.37296,22,4194304
cu8_reduction_add_128_2,128,2,116239801899.30257,0.721664,23,8388608
cu8_reduction_add_128_2,128,2,102260190804.01921,1.64064,24,16777216
cu8_reduction_add_128_2,128,2,104802054634.50278,3.201696,25,33554432
cu8_reduction_add_128_2,128,2,105455003238.31126,6.363744,26,67108864
cu8_reduction_add_128_2,128,2,105791742434.92659,12.686976,27,134217728
cu8_reduction_add_128_2,128,2,105688976142.54674,25.398624,28,268435456
cu8_reduction_add_256_2,256,2,82389288.664699,0.031072,8,256
cu8_reduction_add_256_2,256,2,184119677.89411,0.027808,9,512
cu8_reduction_add_256_2,256,2,378698225.45154,0.02704,10,1024
cu8_reduction_add_256_2,256,2,720720721.802199,0.028416,11,2048
cu8_reduction_add_256_2,256,2,1529271214.082767,0.026784,12,4096
cu8_reduction_add_256_2,256,2,2770562759.831818,0.029568,13,8192
cu8_reduction_add_256_2,256,2,5300207061.452019,0.030912,14,16384
cu8_reduction_add_256_2,256,2,10291457264.204405,0.03184,15,32768
cu8_reduction_add_256_2,256,2,15272184572.508879,0.042912,16,65536
cu8_reduction_add_256_2,256,2,29488840795.81501,0.044448,17,131072
cu8_reduction_add_256_2,256,2,43161222618.90467,0.060736,18,262144
cu8_reduction_add_256_2,256,2,65799197584.16137,0.07968,19,524288
cu8_reduction_add_256_2,256,2,84063622469.90605,0.124736,20,1048576
cu8_reduction_add_256_2,256,2,99191766919.02972,0.211424,21,2097152
cu8_reduction_add_256_2,256,2,106476035569.62097,0.39392,22,4194304
cu8_reduction_add_256_2,256,2,112118387112.55087,0.748192,23,8388608
cu8_reduction_add_256_2,256,2,98544819353.61806,1.702496,24,16777216
cu8_reduction_add_256_2,256,2,102391001213.70714,3.277088,25,33554432
cu8_reduction_add_256_2,256,2,105027219052.10739,6.389664,26,67108864
cu8_reduction_add_256_2,256,2,105265504263.5173,12.7504,27,134217728
cu8_reduction_add_256_2,256,2,103072640322.72551,26.043328,28,268435456
cu8_reduction_add_512_2,512,2,79601990.187694,0.03216,8,256
cu8_reduction_add_512_2,512,2,165460187.396917,0.030944,9,512
cu8_reduction_add_512_2,512,2,354767186.988039,0.028864,10,1024
cu8_reduction_add_512_2,512,2,655737693.130395,0.031232,11,2048
cu8_reduction_add_512_2,512,2,1320949421.636537,0.031008,12,4096
cu8_reduction_add_512_2,512,2,2825607083.206784,0.028992,13,8192
cu8_reduction_add_512_2,512,2,5441020158.350817,0.030112,14,16384
cu8_reduction_add_512_2,512,2,10700104531.663181,0.030624,15,32768
cu8_reduction_add_512_2,512,2,17355931999.73064,0.03776,16,65536
cu8_reduction_add_512_2,512,2,30184229896.52441,0.043424,17,131072
cu8_reduction_add_512_2,512,2,40514342515.37687,0.064704,18,262144
cu8_reduction_add_512_2,512,2,65535999557.49512,0.08,19,524288
cu8_reduction_add_512_2,512,2,76489262459.1806,0.137088,20,1048576
cu8_reduction_add_512_2,512,2,90544348651.58424,0.231616,21,2097152
cu8_reduction_add_512_2,512,2,99621495519.41461,0.421024,22,4194304
cu8_reduction_add_512_2,512,2,102080997034.00452,0.82176,23,8388608
cu8_reduction_add_512_2,512,2,90045169172.05559,1.8632,24,16777216
cu8_reduction_add_512_2,512,2,94144012560.51509,3.56416,25,33554432
cu8_reduction_add_512_2,512,2,97263733710.53685,6.89968,26,67108864
cu8_reduction_add_512_2,512,2,97664829046.47015,13.742688,27,134217728
cu8_reduction_add_512_2,512,2,94586455769.73682,28.379904,28,268435456
cu8_reduction_add_1024_2,1024,2,59656971.957418,0.042912,8,256
cu8_reduction_add_1024_2,1024,2,134115674.354046,0.038176,9,512
cu8_reduction_add_1024_2,1024,2,255795364.889509,0.040032,10,1024
cu8_reduction_add_1024_2,1024,2,483018863.549136,0.0424,11,2048
cu8_reduction_add_1024_2,1024,2,1085665819.451611,0.037728,12,4096
cu8_reduction_add_1024_2,1024,2,2093213410.84709,0.039136,13,8192
cu8_reduction_add_1024_2,1024,2,4376068336.941535,0.03744,14,16384
cu8_reduction_add_1024_2,1024,2,7975077938.473448,0.041088,15,32768
cu8_reduction_add_1024_2,1024,2,17268128248.523743,0.037952,16,65536
cu8_reduction_add_1024_2,1024,2,23459335796.54832,0.055872,17,131072
cu8_reduction_add_1024_2,1024,2,34963721505.492325,0.074976,18,262144
cu8_reduction_add_1024_2,1024,2,43172595224.61224,0.12144,19,524288
cu8_reduction_add_1024_2,1024,2,53014075605.16093,0.197792,20,1048576
cu8_reduction_add_1024_2,1024,2,59292499802.1542,0.353696,21,2097152
cu8_reduction_add_1024_2,1024,2,63106403988.557335,0.66464,22,4194304
cu8_reduction_add_1024_2,1024,2,63984378856.35338,1.31104,23,8388608
cu8_reduction_add_1024_2,1024,2,54922845802.42319,3.054688,24,16777216
cu8_reduction_add_1024_2,1024,2,55684387632.70094,6.025824,25,33554432
cu8_reduction_add_1024_2,1024,2,56167595440.47716,11.947968,26,67108864
cu8_reduction_add_1024_2,1024,2,55944193361.56398,23.99136,27,134217728
cu8_reduction_add_1024_2,1024,2,56031484314.23494,47.907968,28,268435456
cu8_reduction_add_64_4,64,4,88105726.697564,0.029056,8,256
cu8_reduction_add_64_4,64,4,174482006.313016,0.029344,9,512
cu8_reduction_add_64_4,64,4,310378279.061752,0.032992,10,1024
cu8_reduction_add_64_4,64,4,780487807.281426,0.02624,11,2048
cu8_reduction_add_64_4,64,4,1454545449.198047,0.02816,12,4096
cu8_reduction_add_64_4,64,4,3043995213.997288,0.026912,13,8192
cu8_reduction_add_64_4,64,4,5912240095.68069,0.027712,14,16384
cu8_reduction_add_64_4,64,4,10700104450.311554,0.030624,15,32768
cu8_reduction_add_64_4,64,4,19486203763.869934,0.033632,16,65536
cu8_reduction_add_64_4,64,4,34623837691.68394,0.037856,17,131072
cu8_reduction_add_64_4,64,4,61733231927.72091,0.042464,18,262144
cu8_reduction_add_64_4,64,4,85466875263.04173,0.061344,19,524288
cu8_reduction_add_64_4,64,4,126030767476.9114,0.0832,20,1048576
cu8_reduction_add_64_4,64,4,162781918323.92703,0.128832,21,2097152
cu8_reduction_add_64_4,64,4,187889905791.72375,0.223232,22,4194304
cu8_reduction_add_64_4,64,4,202162412013.1749,0.414944,23,8388608
cu8_reduction_add_64_4,64,4,103821462519.90709,1.615968,24,16777216
cu8_reduction_add_64_4,64,4,105028795452.41827,3.194784,25,33554432
cu8_reduction_add_64_4,64,4,105587206415.92746,6.355776,26,67108864
cu8_reduction_add_64_4,64,4,105904197285.21251,12.673504,27,134217728
cu8_reduction_add_64_4,64,4,105902324548.46788,25.347456,28,268435456
cu8_reduction_add_128_4,128,4,82051283.05253,0.0312,8,256
cu8_reduction_add_128_4,128,4,200501251.982317,0.025536,9,512
cu8_reduction_add_128_4,128,4,368239351.163431,0.027808,10,1024
cu8_reduction_add_128_4,128,4,772014474.785505,0.026528,11,2048
cu8_reduction_add_128_4,128,4,1632653053.982594,0.025088,12,4096
cu8_reduction_add_128_4,128,4,3029585790.569043,0.02704,13,8192
cu8_reduction_add_128_4,128,4,5446808542.835329,0.03008,14,16384
cu8_reduction_add_128_4,128,4,11142546178.94126,0.029408,15,32768
cu8_reduction_add_128_4,128,4,18927911359.002228,0.034624,16,65536
cu8_reduction_add_128_4,128,4,31219512187.37663,0.041984,17,131072
cu8_reduction_add_128_4,128,4,61179985628.30582,0.042848,18,262144
cu8_reduction_add_128_4,128,4,84279835248.86197,0.062208,19,524288
cu8_reduction_add_128_4,128,4,128300704472.52988,0.081728,20,1048576
cu8_reduction_add_128_4,128,4,166250631307.274,0.126144,21,2097152
cu8_reduction_add_128_4,128,4,188538550952.8656,0.222464,22,4194304
cu8_reduction_add_128_4,128,4,203749416073.9453,0.411712,23,8388608
cu8_reduction_add_128_4,128,4,103918178705.3003,1.614464,24,16777216
cu8_reduction_add_128_4,128,4,105067734524.9743,3.1936,25,33554432
cu8_reduction_add_128_4,128,4,105834451689.89865,6.340928,26,67108864
cu8_reduction_add_128_4,128,4,106198086116.08363,12.638432,27,134217728
cu8_reduction_add_128_4,128,4,106302381292.74922,25.252064,28,268435456
cu8_reduction_add_256_4,256,4,93896713.902206,0.027264,8,256
cu8_reduction_add_256_4,256,4,190703218.882534,0.026848,9,512
cu8_reduction_add_256_4,256,4,361581923.349669,0.02832,10,1024
cu8_reduction_add_256_4,256,4,676532777.280547,0.030272,11,2048
cu8_reduction_add_256_4,256,4,1551515153.080526,0.0264,12,4096
cu8_reduction_add_256_4,256,4,2850779468.858019,0.028736,13,8192
cu8_reduction_add_256_4,256,4,5851428512.456467,0.028,14,16384
cu8_reduction_add_256_4,256,4,11920838187.211168,0.027488,15,32768
cu8_reduction_add_256_4,256,4,19730250579.05064,0.033216,16,65536
cu8_reduction_add_256_4,256,4,33991701231.217743,0.03856,17,131072
cu8_reduction_add_256_4,256,4,60412978997.059044,0.043392,18,262144
cu8_reduction_add_256_4,256,4,89383524175.73058,0.058656,19,524288
cu8_reduction_add_256_4,256,4,124687975551.7441,0.084096,20,1048576
cu8_reduction_add_256_4,256,4,165244579366.45026,0.126912,21,2097152
cu8_reduction_add_256_4,256,4,184530479797.49994,0.227296,22,4194304
cu8_reduction_add_256_4,256,4,198158590481.8703,0.423328,23,8388608
cu8_reduction_add_256_4,256,4,104521041533.06007,1.605152,24,16777216
cu8_reduction_add_256_4,256,4,105638265990.79788,3.176352,25,33554432
cu8_reduction_add_256_4,256,4,106215565488.41788,6.318176,26,67108864
cu8_reduction_add_256_4,256,4,106537970242.91048,12.598112,27,134217728
cu8_reduction_add_256_4,256,4,106671684551.12245,25.16464,28,268435456
cu8_reduction_add_512_4,512,4,94786729.637493,0.027008,8,256
cu8_reduction_add_512_4,512,4,160481445.049268,0.031904,9,512
cu8_reduction_add_512_4,512,4,341880340.418113,0.029952,10,1024
cu8_reduction_add_512_4,512,4,650406500.296721,0.031488,11,2048
cu8_reduction_add_512_4,512,4,1401971517.089834,0.029216,12,4096
cu8_reduction_add_512_4,512,4,2758620664.17669,0.029696,13,8192
cu8_reduction_add_512_4,512,4,4740740764.686846,0.03456,14,16384
cu8_reduction_add_512_4,512,4,10722513135.223711,0.03056,15,32768
cu8_reduction_add_512_4,512,4,20378109635.58232,0.03216,16,65536
cu8_reduction_add_512_4,512,4,31580569954.489082,0.041504,17,131072
cu8_reduction_add_512_4,512,4,61043218268.27375,0.042944,18,262144
cu8_reduction_add_512_4,512,4,84323212348.3213,0.062176,19,524288
cu8_reduction_add_512_4,512,4,119416910357.8761,0.087808,20,1048576
cu8_reduction_add_512_4,512,4,143342081161.63547,0.146304,21,2097152
cu8_reduction_add_512_4,512,4,168019485313.79135,0.249632,22,4194304
cu8_reduction_add_512_4,512,4,182297636243.97638,0.46016,23,8388608
cu8_reduction_add_512_4,512,4,104446083092.76353,1.606304,24,16777216
cu8_reduction_add_512_4,512,4,105648909122.85622,3.176032,25,33554432
cu8_reduction_add_512_4,512,4,106320570706.53052,6.311936,26,67108864
cu8_reduction_add_512_4,512,4,106677247429.90613,12.581664,27,134217728
cu8_reduction_add_512_4,512,4,106862879817.18938,25.119617,28,268435456
cu8_reduction_add_1024_4,1024,4,62548865.764744,0.040928,8,256
cu8_reduction_add_1024_4,1024,4,128410914.947349,0.039872,9,512
cu8_reduction_add_1024_4,1024,4,259529603.561629,0.039456,10,1024
cu8_reduction_add_1024_4,1024,4,519480518.491117,0.039424,11,2048
cu8_reduction_add_1024_4,1024,4,1094952955.38918,0.037408,12,4096
cu8_reduction_add_1024_4,1024,4,2169491513.343557,0.03776,13,8192
cu8_reduction_add_1024_4,1024,4,4179591762.33936,0.0392,14,16384
cu8_reduction_add_1024_4,1024,4,8338762257.65287,0.039296,15,32768
cu8_reduction_add_1024_4,1024,4,16176935423.89583,0.040512,16,65536
cu8_reduction_add_1024_4,1024,4,33935376730.534786,0.038624,17,131072
cu8_reduction_add_1024_4,1024,4,43690666286.892365,0.06,18,262144
cu8_reduction_add_1024_4,1024,4,63015385854.59695,0.0832,19,524288
cu8_reduction_add_1024_4,1024,4,81573313432.3092,0.128544,20,1048576
cu8_reduction_add_1024_4,1024,4,99720024590.57784,0.210304,21,2097152
cu8_reduction_add_1024_4,1024,4,106631955748.48517,0.393344,22,4194304
cu8_reduction_add_1024_4,1024,4,112281665231.5366,0.747104,23,8388608
cu8_reduction_add_1024_4,1024,4,92865012551.63449,1.806624,24,16777216
cu8_reduction_add_1024_4,1024,4,95735011015.14969,3.504928,25,33554432
cu8_reduction_add_1024_4,1024,4,98854651843.36319,6.78864,26,67108864
cu8_reduction_add_1024_4,1024,4,98901271421.46236,13.57088,27,134217728
cu8_reduction_add_1024_4,1024,4,98986348309.05069,27.118432,28,268435456
cu8_reduction_add_64_8,64,8,86299893.390815,0.029664,8,256
cu8_reduction_add_64_8,64,8,184971095.548198,0.02768,9,512
cu8_reduction_add_64_8,64,8,362400904.257656,0.028256,10,1024
cu8_reduction_add_64_8,64,8,760998810.083145,0.026912,11,2048
cu8_reduction_add_64_8,64,8,1444695245.07437,0.028352,12,4096
cu8_reduction_add_64_8,64,8,2732123776.091981,0.029984,13,8192
cu8_reduction_add_64_8,64,8,5535135089.924425,0.0296,14,16384
cu8_reduction_add_64_8,64,8,11046386093.917416,0.029664,15,32768
cu8_reduction_add_64_8,64,8,15975039214.725067,0.041024,16,65536
cu8_reduction_add_64_8,64,8,33739703159.350346,0.038848,17,131072
cu8_reduction_add_64_8,64,8,57126917793.51745,0.045888,18,262144
cu8_reduction_add_64_8,64,8,100392156892.42139,0.052224,19,524288
cu8_reduction_add_64_8,64,8,165746079317.70142,0.063264,20,1048576
cu8_reduction_add_64_8,64,8,235571530384.72037,0.089024,21,2097152
cu8_reduction_add_64_8,64,8,280908696380.9803,0.149312,22,4194304
cu8_reduction_add_64_8,64,8,315798099042.7161,0.265632,23,8388608
cu8_reduction_add_64_8,64,8,104070824776.89488,1.612096,24,16777216
cu8_reduction_add_64_8,64,8,105354873293.75893,3.184896,25,33554432
cu8_reduction_add_64_8,64,8,105989032929.3638,6.33168,26,67108864
cu8_reduction_add_64_8,64,8,106245969474.74664,12.632736,27,134217728
cu8_reduction_add_64_8,64,8,106402161290.19345,25.228384,28,268435456
cu8_reduction_add_128_8,128,8,77821011.766356,0.032896,8,256
cu8_reduction_add_128_8,128,8,164102563.043514,0.0312,9,512
cu8_reduction_add_128_8,128,8,339342518.948372,0.030176,10,1024
cu8_reduction_add_128_8,128,8,747663546.140047,0.027392,11,2048
cu8_reduction_add_128_8,128,8,1428571443.778923,0.028672,12,4096
cu8_reduction_add_128_8,128,8,2876404484.74264,0.02848,13,8192
cu8_reduction_add_128_8,128,8,5772266052.588751,0.028384,14,16384
cu8_reduction_add_128_8,128,8,10688935397.61681,0.030656,15,32768
cu8_reduction_add_128_8,128,8,20624370714.706844,0.031776,16,65536
cu8_reduction_add_128_8,128,8,34770798218.22,0.037696,17,131072
cu8_reduction_add_128_8,128,8,61043219261.15274,0.042944,18,262144
cu8_reduction_add_128_8,128,8,114814295493.79286,0.045664,19,524288
cu8_reduction_add_128_8,128,8,173009504942.70694,0.060608,20,1048576
cu8_reduction_add_128_8,128,8,240499086557.3349,0.0872,21,2097152
cu8_reduction_add_128_8,128,8,278995318630.29224,0.150336,22,4194304
cu8_reduction_add_128_8,128,8,316217128039.53143,0.26528,23,8388608
cu8_reduction_add_128_8,128,8,104211487159.6539,1.60992,24,16777216
cu8_reduction_add_128_8,128,8,105626561715.68697,3.176704,25,33554432
cu8_reduction_add_128_8,128,8,106202658028.78285,6.318944,26,67108864
cu8_reduction_add_128_8,128,8,106527417357.23802,12.59936,27,134217728
cu8_reduction_add_128_8,128,8,106667752277.36702,25.165568,28,268435456
cu8_reduction_add_256_8,256,8,70609000.962751,0.036256,8,256
cu8_reduction_add_256_8,256,8,182648402.192811,0.028032,9,512
cu8_reduction_add_256_8,256,8,376028203.416179,0.027232,10,1024
cu8_reduction_add_256_8,256,8,684491975.926743,0.02992,11,2048
cu8_reduction_add_256_8,256,8,1312820509.246585,0.0312,12,4096
cu8_reduction_add_256_8,256,8,2785636610.899103,0.029408,13,8192
cu8_reduction_add_256_8,256,8,6139088846.612298,0.026688,14,16384
cu8_reduction_add_256_8,256,8,10722513135.223711,0.03056,15,32768
cu8_reduction_add_256_8,256,8,20562248794.41774,0.031872,16,65536
cu8_reduction_add_256_8,256,8,38898385835.44698,0.033696,17,131072
cu8_reduction_add_256_8,256,8,65483613030.85411,0.040032,18,262144
cu8_reduction_add_256_8,256,8,114015309176.03253,0.045984,19,524288
cu8_reduction_add_256_8,256,8,163024875904.39777,0.06432,20,1048576
cu8_reduction_add_256_8,256,8,225830458905.74774,0.092864,21,2097152
cu8_reduction_add_256_8,256,8,277812635248.02423,0.150976,22,4194304
cu8_reduction_add_256_8,256,8,305957045679.61597,0.274176,23,8388608
cu8_reduction_add_256_8,256,8,104591936309.6482,1.604064,24,16777216
cu8_reduction_add_256_8,256,8,105737334825.09082,3.173376,25,33554432
cu8_reduction_add_256_8,256,8,106337822269.09158,6.310912,26,67108864
cu8_reduction_add_256_8,256,8,106712259173.64859,12.577536,27,134217728
cu8_reduction_add_256_8,256,8,106822328432.32286,25.129152,28,268435456
cu8_reduction_add_512_8,512,8,84745762.762531,0.030208,8,256
cu8_reduction_add_512_8,512,8,160642568.706389,0.031872,9,512
cu8_reduction_add_512_8,512,8,330578509.814741,0.030976,10,1024
cu8_reduction_add_512_8,512,8,642570284.213735,0.031872,11,2048
cu8_reduction_add_512_8,512,8,1267326732.734619,0.03232,12,4096
cu8_reduction_add_512_8,512,8,2342177510.988876,0.034976,13,8192
cu8_reduction_add_512_8,512,8,5079365046.359326,0.032256,14,16384
cu8_reduction_add_512_8,512,8,9275362357.541033,0.035328,15,32768
cu8_reduction_add_512_8,512,8,17746966769.690567,0.036928,16,65536
cu8_reduction_add_512_8,512,8,34623837265.78102,0.037856,17,131072
cu8_reduction_add_512_8,512,8,62870298036.31926,0.041696,18,262144
cu8_reduction_add_512_8,512,8,103565108122.28299,0.050624,19,524288
cu8_reduction_add_512_8,512,8,158070429633.2063,0.066336,20,1048576
cu8_reduction_add_512_8,512,8,204544320958.82916,0.102528,21,2097152
cu8_reduction_add_512_8,512,8,256100037573.99432,0.163776,22,4194304
cu8_reduction_add_512_8,512,8,289055021917.47217,0.290208,23,8388608
cu8_reduction_add_512_8,512,8,104596108614.06335,1.604,24,16777216
cu8_reduction_add_512_8,512,8,105674463573.94876,3.175264,25,33554432
cu8_reduction_add_512_8,512,8,106396087145.14261,6.307456,26,67108864
cu8_reduction_add_512_8,512,8,106774195644.29564,12.57024,27,134217728
cu8_reduction_add_512_8,512,8,106890115873.54941,25.113216,28,268435456
cu8_reduction_add_1024_8,1024,8,65252854.795619,0.039232,8,256
cu8_reduction_add_1024_8,1024,8,135135134.230663,0.037888,9,512
cu8_reduction_add_1024_8,1024,8,253565769.033004,0.040384,10,1024
cu8_reduction_add_1024_8,1024,8,499609681.065923,0.040992,11,2048
cu8_reduction_add_1024_8,1024,8,1028112450.23565,0.03984,12,4096
cu8_reduction_add_1024_8,1024,8,1889298882.382954,0.04336,13,8192
cu8_reduction_add_1024_8,1024,8,3818046246.706422,0.042912,14,16384
cu8_reduction_add_1024_8,1024,8,8304947313.97213,0.039456,15,32768
cu8_reduction_add_1024_8,1024,8,16266878514.581175,0.040288,16,65536
cu8_reduction_add_1024_8,1024,8,30612855298.054493,0.042816,17,131072
cu8_reduction_add_1024_8,1024,8,60279617290.98099,0.043488,18,262144
cu8_reduction_add_1024_8,1024,8,84063622469.90605,0.062368,19,524288
cu8_reduction_add_1024_8,1024,8,106389611066.62425,0.09856,20,1048576
cu8_reduction_add_1024_8,1024,8,139557070171.99713,0.150272,21,2097152
cu8_reduction_add_1024_8,1024,8,162398712822.795,0.258272,22,4194304
cu8_reduction_add_1024_8,1024,8,174576452912.82385,0.480512,23,8388608
cu8_reduction_add_1024_8,1024,8,102380002615.25269,1.63872,24,16777216
cu8_reduction_add_1024_8,1024,8,104081156319.3365,3.223872,25,33554432
cu8_reduction_add_1024_8,1024,8,105233811560.33603,6.37712,26,67108864
cu8_reduction_add_1024_8,1024,8,104785298715.61673,12.808832,27,134217728
cu8_reduction_add_1024_8,1024,8,105468261117.837,25.451776,28,268435456
cu8_reduction_add_64_16,64,16,88105727.40357,0.029056,8,256
cu8_reduction_add_64_16,64,16,174102286.802782,0.029408,9,512
cu8_reduction_add_64_16,64,16,320320321.530031,0.031968,10,1024
cu8_reduction_add_64_16,64,16,646464646.166654,0.03168,11,2048
cu8_reduction_add_64_16,64,16,1200750464.135177,0.034112,12,4096
cu8_reduction_add_64_16,64,16,2746781150.959548,0.029824,13,8192
cu8_reduction_add_64_16,64,16,5130260542.176514,0.031936,14,16384
cu8_reduction_add_64_16,64,16,10589451754.369392,0.030944,15,32768
cu8_reduction_add_64_16,64,16,19635666548.61124,0.033376,16,65536
cu8_reduction_add_64_16,64,16,33795379661.31942,0.038784,17,131072
cu8_reduction_add_64_16,64,16,62966948313.48331,0.041632,18,262144
cu8_reduction_add_64_16,64,16,119941436406.85384,0.043712,19,524288
cu8_reduction_add_64_16,64,16,174483492145.13873,0.060096,20,1048576
cu8_reduction_add_64_16,64,16,256300349078.10495,0.081824,21,2097152
cu8_reduction_add_64_16,64,16,339740794813.87067,0.123456,22,4194304
cu8_reduction_add_64_16,64,16,397609587785.359,0.210976,23,8388608
cu8_reduction_add_64_16,64,16,104308934614.78561,1.608416,24,16777216
cu8_reduction_add_64_16,64,16,105607410356.25278,3.17728,25,33554432
cu8_reduction_add_64_16,64,16,106293087218.97733,6.313568,26,67108864
cu8_reduction_add_64_16,64,16,106510644295.95049,12.601344,27,134217728
cu8_reduction_add_64_16,64,16,106647682087.18558,25.170304,28,268435456
cu8_reduction_add_128_16,128,16,81466394.39342,0.031424,8,256
cu8_reduction_add_128_16,128,16,167890869.214747,0.030496,9,512
cu8_reduction_add_128_16,128,16,353200879.727835,0.028992,10,1024
cu8_reduction_add_128_16,128,16,631786771.361544,0.032416,11,2048
cu8_reduction_add_128_16,128,16,1296859169.934428,0.031584,12,4096
cu8_reduction_add_128_16,128,16,2650103540.706362,0.030912,13,8192
cu8_reduction_add_128_16,128,16,4961240344.464987,0.033024,14,16384
cu8_reduction_add_128_16,128,16,9696969688.045591,0.033792,15,32768
cu8_reduction_add_128_16,128,16,18139946559.842293,0.036128,16,65536
cu8_reduction_add_128_16,128,16,33085622242.827824,0.039616,17,131072
cu8_reduction_add_128_16,128,16,64150352236.26494,0.040864,18,262144
cu8_reduction_add_128_16,128,16,113305670656.6999,0.046272,19,524288
cu8_reduction_add_128_16,128,16,176837559867.7411,0.059296,20,1048576
cu8_reduction_add_128_16,128,16,251192028723.534,0.083488,21,2097152
cu8_reduction_add_128_16,128,16,335308263683.1537,0.125088,22,4194304
cu8_reduction_add_128_16,128,16,392196284953.606,0.213888,23,8388608
cu8_reduction_add_128_16,128,16,104727737981.5608,1.601984,24,16777216
cu8_reduction_add_128_16,128,16,105670204797.36049,3.175392,25,33554432
cu8_reduction_add_128_16,128,16,106330813523.21272,6.311328,26,67108864
cu8_reduction_add_128_16,128,16,106691088416.69322,12.580032,27,134217728
cu8_reduction_add_128_16,128,16,106866694626.20929,25.11872,28,268435456
cu8_reduction_add_256_16,256,16,74766355.249515,0.03424,8,256
cu8_reduction_add_256_16,256,16,164609053.220434,0.031104,9,512
cu8_reduction_add_256_16,256,16,319361278.323889,0.032064,10,1024
cu8_reduction_add_256_16,256,16,594243271.908307,0.034464,11,2048
cu8_reduction_add_256_16,256,16,1091219105.963692,0.037536,12,4096
cu8_reduction_add_256_16,256,16,2206896524.420108,0.03712,13,8192
cu8_reduction_add_256_16,256,16,4511013163.538255,0.03632,14,16384
cu8_reduction_add_256_16,256,16,8421052753.615099,0.038912,15,32768
cu8_reduction_add_256_16,256,16,17024106506.390928,0.038496,16,65536
cu8_reduction_add_256_16,256,16,33246753183.43148,0.039424,17,131072
cu8_reduction_add_256_16,256,16,65483613030.85411,0.040032,18,262144
cu8_reduction_add_256_16,256,16,109226666776.86903,0.048,19,524288
cu8_reduction_add_256_16,256,16,162862824466.68555,0.064384,20,1048576
cu8_reduction_add_256_16,256,16,243447247657.7388,0.086144,21,2097152
cu8_reduction_add_256_16,256,16,332248420279.5092,0.12624,22,4194304
cu8_reduction_add_256_16,256,16,381244914701.98773,0.220032,23,8388608
cu8_reduction_add_256_16,256,16,104767498192.1928,1.601376,24,16777216
cu8_reduction_add_256_16,256,16,105724539356.16483,3.17376,25,33554432
cu8_reduction_add_256_16,256,16,106456577980.07141,6.303872,26,67108864
cu8_reduction_add_256_16,256,16,106810632894.80547,12.565952,27,134217728
cu8_reduction_add_256_16,256,16,106887391237.28796,25.113856,28,268435456
cu8_reduction_add_512_16,512,16,82644626.211291,0.030976,8,256
cu8_reduction_add_512_16,512,16,155189136.79288,0.032992,9,512
cu8_reduction_add_512_16,512,16,269814502.227906,0.037952,10,1024
cu8_reduction_add_512_16,512,16,464104420.649583,0.044128,11,2048
cu8_reduction_add_512_16,512,16,1080168775.471439,0.03792,12,4096
cu8_reduction_add_512_16,512,16,1996879879.174154,0.041024,13,8192
cu8_reduction_add_512_16,512,16,4053840045.47894,0.040416,14,16384
cu8_reduction_add_512_16,512,16,7562776916.56826,0.043328,15,32768
cu8_reduction_add_512_16,512,16,14114403752.385115,0.046432,16,65536
cu8_reduction_add_512_16,512,16,31825951487.415295,0.041184,17,131072
cu8_reduction_add_512_16,512,16,64861441474.97753,0.040416,18,262144
cu8_reduction_add_512_16,512,16,118810731686.29333,0.044128,19,524288
cu8_reduction_add_512_16,512,16,169518883243.2044,0.061856,20,1048576
cu8_reduction_add_512_16,512,16,242725927479.0153,0.0864,21,2097152
cu8_reduction_add_512_16,512,16,307464228461.3764,0.136416,22,4194304
cu8_reduction_add_512_16,512,16,363785732170.74524,0.230592,23,8388608
cu8_reduction_add_512_16,512,16,104694276075.71602,1.602496,24,16777216
cu8_reduction_add_512_16,512,16,105671266979.8835,3.17536,25,33554432
cu8_reduction_add_512_16,512,16,106414982516.48894,6.306336,26,67108864
cu8_reduction_add_512_16,512,16,106807640764.69609,12.566304,27,134217728
cu8_reduction_add_512_16,512,16,106936172581.17026,25.1024,28,268435456
cu8_reduction_add_1024_16,1024,16,62992124.868905,0.04064,8,256
cu8_reduction_add_1024_16,1024,16,118518517.999329,0.0432,9,512
cu8_reduction_add_1024_16,1024,16,257234723.858344,0.039808,10,1024
cu8_reduction_add_1024_16,1024,16,496894412.946785,0.041216,11,2048
cu8_reduction_add_1024_16,1024,16,937042466.937417,0.043712,12,4096
cu8_reduction_add_1024_16,1024,16,1963190176.682346,0.041728,13,8192
cu8_reduction_add_1024_16,1024,16,3803863244.652169,0.043072,14,16384
cu8_reduction_add_1024_16,1024,16,7630402366.274135,0.042944,15,32768
cu8_reduction_add_1024_16,1024,16,14797687674.973557,0.044288,16,65536
cu8_reduction_add_1024_16,1024,16,29681159544.131306,0.04416,17,131072
cu8_reduction_add_1024_16,1024,16,58808328022.66547,0.044576,18,262144
cu8_reduction_add_1024_16,1024,16,92669683158.189,0.056576,19,524288
cu8_reduction_add_1024_16,1024,16,137276919116.32332,0.076384,20,1048576
cu8_reduction_add_1024_16,1024,16,180440525384.80984,0.116224,21,2097152
cu8_reduction_add_1024_16,1024,16,218235096794.9732,0.192192,22,4194304
cu8_reduction_add_1024_16,1024,16,246213961293.3479,0.340704,23,8388608
cu8_reduction_add_1024_16,1024,16,103577383820.03598,1.619776,24,16777216
cu8_reduction_add_1024_16,1024,16,105535135717.7481,3.179456,25,33554432
cu8_reduction_add_1024_16,1024,16,106240318152.4242,6.316704,26,67108864
cu8_reduction_add_1024_16,1024,16,106714972865.69696,12.577216,27,134217728
cu8_reduction_add_1024_16,1024,16,106900333735.54195,25.110816,28,268435456
cu8_reduction_add_64_32,64,32,86299892.036092,0.029664,8,256
cu8_reduction_add_64_32,64,32,141467726.197393,0.036192,9,512
cu8_reduction_add_64_32,64,32,283687940.547635,0.036096,10,1024
cu8_reduction_add_64_32,64,32,551248923.27628,0.037152,11,2048
cu8_reduction_add_64_32,64,32,1068447414.037567,0.038336,12,4096
cu8_reduction_add_64_32,64,32,2129783707.681173,0.038464,13,8192
cu8_reduction_add_64_32,64,32,4159220114.854803,0.039392,14,16384
cu8_reduction_add_64_32,64,32,8512053150.230645,0.038496,15,32768
cu8_reduction_add_64_32,64,32,18188277041.135563,0.036032,16,65536
cu8_reduction_add_64_32,64,32,31053828423.317593,0.042208,17,131072
cu8_reduction_add_64_32,64,32,62249239009.63161,0.042112,18,262144
cu8_reduction_add_64_32,64,32,114653604217.41837,0.045728,19,524288
cu8_reduction_add_64_32,64,32,176837559867.7411,0.059296,20,1048576
cu8_reduction_add_64_32,64,32,256100039030.32336,0.081888,21,2097152
cu8_reduction_add_64_32,64,32,338424995323.36053,0.123936,22,4194304
cu8_reduction_add_64_32,64,32,412435499813.5126,0.203392,23,8388608
cu8_reduction_add_64_32,64,32,104633683090.20883,1.603424,24,16777216
cu8_reduction_add_64_32,64,32,105736269327.96748,3.173408,25,33554432
cu8_reduction_add_64_32,64,32,106374500937.13535,6.308736,26,67108864
cu8_reduction_add_64_32,64,32,106726378354.38187,12.575872,27,134217728
cu8_reduction_add_64_32,64,32,106824370676.42451,25.128672,28,268435456
cu8_reduction_add_128_32,128,32,80889788.249768,0.031648,8,256
cu8_reduction_add_128_32,128,32,152671754.9182,0.033536,9,512
cu8_reduction_add_128_32,128,32,299345189.058718,0.034208,10,1024
cu8_reduction_add_128_32,128,32,649746188.909417,0.03152,11,2048
cu8_reduction_add_128_32,128,32,947446331.662586,0.043232,12,4096
cu8_reduction_add_128_32,128,32,2197424889.888812,0.03728,13,8192
cu8_reduction_add_128_32,128,32,4050632845.84019,0.040448,14,16384
cu8_reduction_add_128_32,128,32,8729752739.410624,0.037536,15,32768
cu8_reduction_add_128_32,128,32,17282700407.543026,0.03792,16,65536
cu8_reduction_add_128_32,128,32,31653786493.014263,0.041408,17,131072
cu8_reduction_add_128_32,128,32,67646573346.14863,0.038752,18,262144
cu8_reduction_add_128_32,128,32,120736918291.3641,0.043424,19,524288
cu8_reduction_add_128_32,128,32,168646424696.6426,0.062176,20,1048576
cu8_reduction_add_128_32,128,32,253622289430.31027,0.082688,21,2097152
cu8_reduction_add_128_32,128,32,342761507630.6717,0.122368,22,4194304
cu8_reduction_add_128_32,128,32,400219851436.85175,0.2096,23,8388608
cu8_reduction_add_128_32,128,32,104878576265.67572,1.59968,24,16777216
cu8_reduction_add_128_32,128,32,105744798872.05388,3.173152,25,33554432
cu8_reduction_add_128_32,128,32,106376117036.0193,6.30864,26,67108864
cu8_reduction_add_128_32,128,32,106727194787.50974,12.575776,27,134217728
cu8_reduction_add_128_32,128,32,106950077795.29962,25.099136,28,268435456
cu8_reduction_add_256_32,256,32,72727273.121353,0.0352,8,256
cu8_reduction_add_256_32,256,32,161616161.541663,0.03168,9,512
cu8_reduction_add_256_32,256,32,305052429.177206,0.033568,10,1024
cu8_reduction_add_256_32,256,32,497667179.903131,0.041152,11,2048
cu8_reduction_add_256_32,256,32,1038118408.120559,0.039456,12,4096
cu8_reduction_add_256_32,256,32,1946768069.622648,0.04208,13,8192
cu8_reduction_add_256_32,256,32,4021995235.457473,0.040736,14,16384
cu8_reduction_add_256_32,256,32,8107680231.079348,0.040416,15,32768
cu8_reduction_add_256_32,256,32,16569579335.956312,0.039552,16,65536
cu8_reduction_add_256_32,256,32,34711864641.5682,0.03776,17,131072
cu8_reduction_add_256_32,256,32,64707739836.14107,0.040512,18,262144
cu8_reduction_add_256_32,256,32,122177477905.8848,0.042912,19,524288
cu8_reduction_add_256_32,256,32,174205210992.54065,0.060192,20,1048576
cu8_reduction_add_256_32,256,32,259754259010.19464,0.080736,21,2097152
cu8_reduction_add_256_32,256,32,330906333563.6557,0.126752,22,4194304
cu8_reduction_add_256_32,256,32,395092690403.04865,0.21232,23,8388608
cu8_reduction_add_256_32,256,32,104754938305.59082,1.601568,24,16777216
cu8_reduction_add_256_32,256,32,105695767568.29674,3.174624,25,33554432
cu8_reduction_add_256_32,256,32,106499285875.13486,6.301344,26,67108864
cu8_reduction_add_256_32,256,32,106780721161.01334,12.569472,27,134217728
cu8_reduction_add_256_32,256,32,106916954619.58665,25.106912,28,268435456
cu8_reduction_add_512_32,512,32,64829821.176893,0.039488,8,256
cu8_reduction_add_512_32,512,32,126382306.546497,0.040512,9,512
cu8_reduction_add_512_32,512,32,263808741.135456,0.038816,10,1024
cu8_reduction_add_512_32,512,32,498442368.3301,0.041088,11,2048
cu8_reduction_add_512_32,512,32,993788825.89357,0.041216,12,4096
cu8_reduction_add_512_32,512,32,1966205819.818936,0.041664,13,8192
cu8_reduction_add_512_32,512,32,4112449800.942598,0.03984,14,16384
cu8_reduction_add_512_32,512,32,7699248041.021083,0.04256,15,32768
cu8_reduction_add_512_32,512,32,15363840706.827011,0.042656,16,65536
cu8_reduction_add_512_32,512,32,30589992814.15291,0.042848,17,131072
cu8_reduction_add_512_32,512,32,59534883399.03211,0.044032,18,262144
cu8_reduction_add_512_32,512,32,126909373246.26021,0.041312,19,524288
cu8_reduction_add_512_32,512,32,168994327468.69495,0.062048,20,1048576
cu8_reduction_add_512_32,512,32,246839927016.49884,0.08496,21,2097152
cu8_reduction_add_512_32,512,32,330822815335.1899,0.126784,22,4194304
cu8_reduction_add_512_32,512,32,383139429514.43634,0.218944,23,8388608
cu8_reduction_add_512_32,512,32,104516873274.7264,1.605216,24,16777216
cu8_reduction_add_512_32,512,32,105754396626.70067,3.172864,25,33554432
cu8_reduction_add_512_32,512,32,106430102640.41148,6.30544,26,67108864
cu8_reduction_add_512_32,512,32,106814168343.49057,12.565536,27,134217728
cu8_reduction_add_512_32,512,32,107005878228.32922,25.086048,28,268435456
cu8_reduction_add_1024_32,1024,32,51847051.738609,0.049376,8,256
cu8_reduction_add_1024_32,1024,32,109066120.656326,0.046944,9,512
cu8_reduction_add_1024_32,1024,32,225352111.440821,0.04544,10,1024
cu8_reduction_add_1024_32,1024,32,491551463.195535,0.041664,11,2048
cu8_reduction_add_1024_32,1024,32,971905855.870626,0.042144,12,4096
cu8_reduction_add_1024_32,1024,32,1932075475.415712,0.0424,13,8192
cu8_reduction_add_1024_32,1024,32,3846731698.000797,0.042592,14,16384
cu8_reduction_add_1024_32,1024,32,5704735364.071935,0.05744,15,32768
cu8_reduction_add_1024_32,1024,32,11460548305.031528,0.057184,16,65536
cu8_reduction_add_1024_32,1024,32,23259511455.078426,0.056352,17,131072
cu8_reduction_add_1024_32,1024,32,46074240959.96939,0.056896,18,262144
cu8_reduction_add_1024_32,1024,32,88466523314.26817,0.059264,19,524288
cu8_reduction_add_1024_32,1024,32,170933749228.5282,0.061344,20,1048576
cu8_reduction_add_1024_32,1024,32,209648113849.98166,0.100032,21,2097152
cu8_reduction_add_1024_32,1024,32,254558166428.30124,0.164768,22,4194304
cu8_reduction_add_1024_32,1024,32,283613541577.3195,0.295776,23,8388608
cu8_reduction_add_1024_32,1024,32,103550787691.71489,1.620192,24,16777216
cu8_reduction_add_1024_32,1024,32,105398293090.70874,3.183584,25,33554432
cu8_reduction_add_1024_32,1024,32,106245698775.02956,6.316384,26,67108864
cu8_reduction_add_1024_32,1024,32,106714429711.66393,12.57728,27,134217728
cu8_reduction_add_1024_32,1024,32,106927856981.9541,25.104352,28,268435456
